id,agency,version,name
AFRREO,IMF.AFR,7.0.0,Sub-Saharan Africa Regional Economic Outlook (AFRREO)
AFRREO_2025_OCT_VINTAGE,IMF.AFR,1.0.0,Sub-Saharan Africa Regional Economic Outlook (AFRREO) 2025 October
APDREO,IMF.APD,6.0.0,Asia and Pacific Regional Economic Outlook (APDREO)
APDREO_2025_OCT_VINTAGE,IMF.APD,1.0.0,Asia and Pacific Regional Economic Outlook (APDREO) 2025 October
FM,IMF.FAD,5.0.0,Fiscal Monitor (FM)
FM_2025_OCT_VINTAGE,IMF.FAD,1.0.0,Fiscal Monitor (FM) 2025 October
GDD,IMF.FAD,2.0.0,Global Debt Database (GDD)
HPD,IMF.FAD,1.0.0,Historical Public Debt (HPD)
ICSD,IMF.FAD,1.0.0,Investment and Capital Stock Dataset (ICSD)
PSBS,IMF.FAD,2.0.0,Public Sector Balance Sheet (PSBS)
TAXFIT,IMF.FAD,3.0.1,Tax and Benefits Analysis Tool (TAXFIT)
WORLD,IMF.FAD,3.0.1,World Revenue Longitudinal Database (WoRLD)
MCDREO,IMF.MCD,8.0.0,Middle East and Central Asia Regional Economic Outlook (MCDREO) 
FDI,IMF.MCM,1.0.0,Financial Development Index (FDI)
CTOT,IMF.RES,5.0.1,Commodity Terms of Trade (CTOT)
ECFIE,IMF.RES,2.0.3,Earnings-Calls-based Firm Inflation Expectations (ECFIE)
ED,IMF.RES,1.0.0,Export Diversification (ED)
EQ,IMF.RES,2.0.0,Export Quality (EQ)
ITS,IMF.RES,3.0.1,International Trade in Services (ITS)
MPFT,IMF.RES,7.0.1,Monetary Policy Frameworks Toolkit (MPFT)
PCPS,IMF.RES,9.0.0,Primary Commodity Price System (PCPS)
SRD,IMF.RES,1.0.0,Structural Reform Database (SRD)
WEO,IMF.RES,9.0.0,World Economic Outlook (WEO)
WEO_2025_OCT_VINTAGE,IMF.RES,1.0.0,World Economic Outlook (WEO) 2025 October
GPT,IMF.SPR,1.0.1,IMF Global Policy Tracker: How Countries are Responding to the Economic Impact of the War in the Middle East
AEA,IMF.STA,7.0.0,Air Emissions Accounts (AEA)
ANEA,IMF.STA,6.0.1,"National Economic Accounts (NEA), Annual Data"
ANEA_2026_APR_VINTAGE,IMF.STA,1.0.0,"National Economic Accounts (NEA), Annual Data 2026 April"
ANEA_2026_FEB_VINTAGE,IMF.STA,1.0.0,"National Economic Accounts (NEA), Annual Data 2026 February"
ANEA_2026_JAN_VINTAGE,IMF.STA,1.0.0,"National Economic Accounts (NEA), Annual Data 2026 January"
ANEA_2026_MAY_VINTAGE,IMF.STA,1.0.0,"National Economic Accounts (NEA), Annual Data 2026 May"
BOP,IMF.STA,21.0.0,Balance of Payments (BOP)
BOP_2026_APR_VINTAGE,IMF.STA,1.0.0,Balance of Payments (BOP) 2026 April
BOP_2026_FEB_VINTAGE,IMF.STA,1.0.0,Balance of Payments (BOP) 2026 February
BOP_2026_JAN_VINTAGE,IMF.STA,1.0.0,Balance of Payments (BOP) 2026 January
BOP_2026_MAY_VINTAGE,IMF.STA,1.0.0,Balance of Payments (BOP) 2026 May
BOP_AGG,IMF.STA,9.0.1,"Balance of Payments and International Investment Position Statistics (BOP/IIP), World and Country Group Aggregates"
CCI,IMF.STA,4.0.1,Climate Change Indicators
CFBL,IMF.STA,1.0.3,Carbon Footprint of Bank Loans
CO2E,IMF.STA,2.0.1,"CO2 emissions embodied in domestic final demand, production, and trade (CO2E)"
CO2EEIEM,IMF.STA,2.0.2,Carbon Emission Per Unit of Output (CO2EEIEM)
COFER,IMF.STA,7.0.1,Currency Composition of Official Foreign Exchange Reserves (COFER)
COFER_2025_OCT_VINTAGE,IMF.STA,1.0.0,Currency Composition of Official Foreign Exchange Reserves (COFER) 2025 October
CPI,IMF.STA,5.0.0,Consumer Price Index (CPI)
CPI_2026_APR_VINTAGE,IMF.STA,1.0.0,Consumer Price Index (CPI) 2026 April
CPI_2026_FEB_VINTAGE,IMF.STA,2.0.0,Consumer Price Index (CPI) 2026 February
CPI_2026_JAN_VINTAGE,IMF.STA,1.0.0,Consumer Price Index (CPI) 2026 January
CPI_2026_MAY_VINTAGE,IMF.STA,1.0.0,Consumer Price Index (CPI) 2026 May
CPI_WCA,IMF.STA,3.0.0,"Consumer Price Index (CPI), World and Country Aggregates (CPI_WCA)"
CPI_WCA_2026_APR_VINTAGE,IMF.STA,1.0.0,"Consumer Price Index (CPI), World and Country Aggregates (CPI_WCA) 2026 April"
CPI_WCA_2026_FEB_VINTAGE,IMF.STA,1.0.0,"Consumer Price Index (CPI), World and Country Aggregates (CPI_WCA) 2026 February "
CPI_WCA_2026_JAN_VINTAGE,IMF.STA,1.0.0,"Consumer Price Index (CPI), World and Country Aggregates (CPI_WCA) 2026 January"
CPI_WCA_2026_MAY_VINTAGE,IMF.STA,1.0.0,"Consumer Price Index (CPI), World and Country Aggregates (CPI_WCA) 2026 May"
CRBRATE,IMF.STA,2.0.2,Carbon Rates
DIP,IMF.STA,12.0.1,Direct Investment Positions by Counterpart Economy (formerly CDIS)
EER,IMF.STA,6.0.0,Effective Exchange Rate (EER)
EER_2026_APR_VINTAGE,IMF.STA,1.0.0,Effective Exchange Rates (ER) 2026 April
EER_2026_FEB_VINTAGE,IMF.STA,1.0.0,Effective Exchange Rates (ER) 2026 February
EER_2026_JAN_VINTAGE,IMF.STA,1.0.0,Effective Exchange Rates (ER) 2026 January
EER_2026_MAY_VINTAGE,IMF.STA,1.0.0,Effective Exchange Rates (ER) 2026 May
EER_INPUTS_2026_APR_VINTAGE,IMF.STA,1.0.0,"Effective Exchange Rates (EER), Inputs 2026 April"
ENVTX,IMF.STA,1.0.2,Environmental Taxes
ER,IMF.STA,4.0.1,Exchange Rates (ER)
ER_2026_APR_VINTAGE,IMF.STA,1.0.0,Exchange Rates (ER) 2026 April
ER_2026_FEB_VINTAGE,IMF.STA,2.0.0,Exchange Rates (ER) 2026 February
ER_2026_JAN_VINTAGE,IMF.STA,1.0.0,Exchange Rates (ER) 2026 January
ER_2026_MAY_VINTAGE,IMF.STA,1.0.0,Exchange Rates (ER) 2026 May
ESG_FINANCE,IMF.STA,2.0.3,Sustainable Bonds
ESG_FINANCE_CURRENCY,IMF.STA,3.0.3,Sustainable Bonds by Type of Currency
ESG_FINANCE_ISSUER,IMF.STA,2.0.3,Sustainable Bonds by Type of Issuer
FA,IMF.STA,8.0.0,Fund Accounts (FA)
FAS,IMF.STA,5.0.0,Financial Access Survey (FAS)
FA_2026_APR_VINTAGE,IMF.STA,1.0.0,Fund Accounts (FA) 2026 April
FA_2026_FEB_VINTAGE,IMF.STA,1.0.0,Fund Accounts (FA) 2026 February
FA_2026_JAN_VINTAGE,IMF.STA,1.0.0,Fund Accounts (FA) 2026 January
FA_2026_MAY_VINTAGE,IMF.STA,1.0.0,Fund Accounts (FA) 2026 May
FD,IMF.STA,6.0.0,Fiscal Decentralization (FD)
FFS,IMF.STA,1.0.2,Fossil Fuel Subsidies
FLTRI,IMF.STA,2.0.1,Forward Looking Transition Risk Indicators
FSIBSIS,IMF.STA,18.0.0,"Financial Soundness Indicators (FSI), Balance Sheet, Income Statement and Memorandum Series"
FSIC,IMF.STA,13.0.1,"Financial Soundness Indicators (FSI), Core and Additional Indicators"
FSICDM,IMF.STA,7.0.0,"Financial Soundness Indicators (FSI), Concentration and Distribution Measures"
FSI_COUNTRY_METADATA_TABLE_2,IMF.STA,2.0.0,"Financial Soundness Indicators (FSI), Country Metadata Table 2"
GENENVPROEXP,IMF.STA,1.0.2,Government Environmental Protection Expenditures
GFS_BS,IMF.STA,12.0.0,GFS Balance Sheet
GFS_COFOG,IMF.STA,11.0.0,GFS Government Expenditures by Function
GFS_SFCP,IMF.STA,10.0.0,GFS Stocks and Flows by Counterparty
GFS_SOEF,IMF.STA,11.0.0,GFS Statement of Other Economic Flows
GFS_SOO,IMF.STA,12.0.0,GFS Statement of Operations 
GFS_SSUC,IMF.STA,10.0.0,GFS Statement of Sources and Uses of Cash
GS_ATF,IMF.STA,1.0.0,Gender Statistics (GS) Access to Finance (ATF)
GS_CGI,IMF.STA,3.0.0,Gender Statistics (GS) Composite Gender Indices (CGI)
GS_ED,IMF.STA,3.0.0,Gender Statistics (GS) Education
GS_HEALTH,IMF.STA,5.0.0,Gender Statistics (GS) Health
GS_LEPM,IMF.STA,2.0.0,Gender Statistics (GS) Leadership and empowerment (LEPM)
GS_LGRGHTS,IMF.STA,1.0.1,Gender Statistics (GS) Legal Rights
GS_LI,IMF.STA,1.0.0,Gender Statistics (GS) Labor and Income 
GS_SDO,IMF.STA,1.0.0,"Gender Statistics (GS) Social, demographic and other"
IIP,IMF.STA,13.0.0,International Investment Position (IIP)
IIPCC,IMF.STA,13.0.0,Currency Composition of the International Investment Position (IIPCC)
IIPCC_2026_APR_VINTAGE,IMF.STA,1.0.0,Currency Composition of the International Investment Position (IIPCC) 2026 April
IIPCC_2026_FEB_VINTAGE,IMF.STA,1.0.0,Currency Composition of the International Investment Position (IIPCC) 2026 February
IIPCC_2026_JAN_VINTAGE,IMF.STA,1.0.0,Currency Composition of the International Investment Position (IIPCC) 2026 January 
IIPCC_2026_MAY_VINTAGE,IMF.STA,1.0.0,Currency Composition of the International Investment Position (IIPCC) 2026 May
IIP_2026_APR_VINTAGE,IMF.STA,1.0.0,International Investment Position (IIP) 2026 April
IIP_2026_FEB_VINTAGE,IMF.STA,1.0.0,International Investment Position (IIP) 2026 February
IIP_2026_JAN_VINTAGE,IMF.STA,1.0.0,International Investment Position (IIP) 2026 January
IIP_2026_MAY_VINTAGE,IMF.STA,1.0.0,International Investment Position (IIP) 2026 May
IL,IMF.STA,13.0.1,International Liquidity (IL)
IL_2026_APR_VINTAGE,IMF.STA,1.0.0,International Liquidity (IL) 2026 April
IL_2026_FEB_VINTAGE,IMF.STA,1.0.0,International Liquidity (IL) 2026 February
IL_2026_JAN_VINTAGE,IMF.STA,1.0.0,International Liquidity (IL) 2026 January
IL_2026_MAY_VINTAGE,IMF.STA,1.0.0,International Liquidity (IL) 2026 May
IMTS,IMF.STA,1.0.0,International Trade in Goods (by partner country) (IMTS)
IMTS_2025_DEC_VINTAGE,IMF.STA,1.0.0,International Trade in Goods (by partner country) (IMTS) 2025 December
IMTS_2026_APR_VINTAGE,IMF.STA,1.0.0,International Trade in Goods (by partner country) (IMTS) 2026 April
IMTS_2026_MAY_VINTAGE,IMF.STA,1.0.0,International Trade in Goods (by partner country) (IMTS) 2026 May
INFORMRISK,IMF.STA,1.0.4,Climate-Driven INFORM Risk Indicator
IRFCL,IMF.STA,12.0.0,International Reserves and Foreign Currency Liquidity (IRFCL)
ITG,IMF.STA,4.0.0,International Trade in Goods (ITG)
ITG_2026_APR_VINTAGE,IMF.STA,1.0.0,International Trade in Goods (ITG) 2026 April
ITG_2026_FEB_VINTAGE,IMF.STA,1.0.0,International Trade in Goods (ITG) 2026 February
ITG_2026_JAN_VINTAGE,IMF.STA,1.0.0,International Trade in Goods (ITG) 2026 January
ITG_2026_MAY_VINTAGE,IMF.STA,1.0.0,International Trade in Goods (ITG) 2026 May
ITG_WCA_2026_FEB_VINTAGE,IMF.STA,1.0.0,"International Trade in Goods, World and Country Aggregates 2026 February "
LS,IMF.STA,9.0.0,Labor Statistics (LS)
LS_2026_APR_VINTAGE,IMF.STA,1.0.0,Labor Statistics (LS) 2026 April
LS_2026_FEB_VINTAGE,IMF.STA,1.0.0,Labor Statistics (LS) 2026 February
LS_2026_JAN_VINTAGE,IMF.STA,1.0.0,Labor Statistics (LS) 2026 January
LS_2026_MAY_VINTAGE,IMF.STA,1.0.0,Labor Statistics (LS) 2026 May
MFS_CBS,IMF.STA,24.0.0,"Monetary and Financial Statistics (MFS), Central Bank Data"
MFS_CBS_2026_APR_VINTAGE,IMF.STA,1.0.0,"Monetary and Financial Statistics (MFS), Central Bank Data 2026 April "
MFS_CBS_2026_FEB_VINTAGE,IMF.STA,1.0.0,"Monetary and Financial Statistics (MFS), Central Bank Data 2026 February"
MFS_CBS_2026_JAN_VINTAGE,IMF.STA,1.0.0,"Monetary and Financial Statistics (MFS), Central Bank Data 2026 January"
MFS_CBS_2026_MAY_VINTAGE,IMF.STA,1.0.0,"Monetary and Financial Statistics (MFS), Central Bank Data 2026 May"
MFS_DC,IMF.STA,8.0.0,"Monetary and Financial Statistics (MFS), Depository Corporations"
MFS_DC_2026_APR_VINTAGE,IMF.STA,1.0.0,"Monetary and Financial Statistics (MFS), Depository Corporations 2026 April"
MFS_DC_2026_FEB_VINTAGE,IMF.STA,1.0.0,"Monetary and Financial Statistics (MFS), Depository Corporations 2026 February"
MFS_DC_2026_JAN_VINTAGE,IMF.STA,1.0.0,"Monetary and Financial Statistics (MFS), Depository Corporations 2026 January"
MFS_DC_2026_MAY_VINTAGE,IMF.STA,1.0.0,"Monetary and Financial Statistics (MFS), Depository Corporations 2026 May"
MFS_FC,IMF.STA,9.0.0,"Monetary and Financial Statistics (MFS), Financial Corporations"
MFS_FC_2026_APR_VINTAGE,IMF.STA,1.0.0,"Monetary and Financial Statistics (MFS), Financial Corporations 2026 April"
MFS_FC_2026_FEB_VINTAGE,IMF.STA,1.0.0,"Monetary and Financial Statistics (MFS), Financial Corporations 2026 February"
MFS_FC_2026_JAN_VINTAGE,IMF.STA,1.0.0,"Monetary and Financial Statistics (MFS), Financial Corporations 2026 January"
MFS_FC_2026_MAY_VINTAGE,IMF.STA,1.0.0,"Monetary and Financial Statistics (MFS), Financial Corporations 2026 May"
MFS_FMP,IMF.STA,3.0.0,Monetary and Financial Statistics (MFS): Financial Market Prices
MFS_FMP_2026_APR_VINTAGE,IMF.STA,1.0.0,"Monetary and Financial Statistics (MFS), Financial Market Prices 2026 April"
MFS_FMP_2026_FEB_VINTAGE,IMF.STA,1.0.0,"Monetary and Financial Statistics (MFS), Financial Market Prices 2026 February"
MFS_FMP_2026_JAN_VINTAGE,IMF.STA,1.0.0,"Monetary and Financial Statistics (MFS), Financial Market Prices 2026 January "
MFS_FMP_2026_MAY_VINTAGE,IMF.STA,1.0.0,"Monetary and Financial Statistics (MFS), Financial Market Prices 2026 May"
MFS_IR,IMF.STA,9.0.0,"Monetary and Financial Statistics (MFS), Interest Rate"
MFS_IR_2026_APR_VINTAGE,IMF.STA,1.0.0,"Monetary and Financial Statistics (MFS), Interest Rate 2026 April"
MFS_IR_2026_FEB_VINTAGE,IMF.STA,1.0.0,"Monetary and Financial Statistics (MFS), Interest Rate 2026 February"
MFS_IR_2026_JAN_VINTAGE,IMF.STA,1.0.0,"Monetary and Financial Statistics (MFS), Interest Rate 2026 January"
MFS_IR_2026_MAY_VINTAGE,IMF.STA,1.0.0,"Monetary and Financial Statistics (MFS), Interest Rate 2026 May"
MFS_MA,IMF.STA,10.0.1,"Monetary and Financial Statistics (MFS), Monetary Aggregates"
MFS_MA_2026_APR_VINTAGE,IMF.STA,1.0.0,"Monetary and Financial Statistics (MFS), Monetary Aggregates 2026 April"
MFS_MA_2026_FEB_VINTAGE,IMF.STA,1.0.0,"Monetary and Financial Statistics (MFS), Monetary Aggregates 2026 February"
MFS_MA_2026_JAN_VINTAGE,IMF.STA,1.0.0,"Monetary and Financial Statistics (MFS), Monetary Aggregates 2026 January "
MFS_MA_2026_MAY_VINTAGE,IMF.STA,1.0.0,"Monetary and Financial Statistics (MFS), Monetary Aggregates 2026 May"
MFS_NSRF,IMF.STA,1.0.3,"Monetary and Financial Statistics (MFS),  Non-Standard Data"
MFS_ODC,IMF.STA,10.0.0,"Monetary and Financial Statistics (MFS), Other Depository Corporations"
MFS_ODC_2026_APR_VINTAGE,IMF.STA,1.0.0,"Monetary and Financial Statistics (MFS), Other Depository Corporations 2026 April"
MFS_ODC_2026_FEB_VINTAGE,IMF.STA,1.0.0,"Monetary and Financial Statistics (MFS), Other Depository Corporations 2026 February"
MFS_ODC_2026_JAN_VINTAGE,IMF.STA,1.0.0,"Monetary and Financial Statistics (MFS), Other Depository Corporations 2026 January"
MFS_ODC_2026_MAY_VINTAGE,IMF.STA,1.0.0,"Monetary and Financial Statistics (MFS), Other Depository Corporations 2026 May"
MFS_OFC,IMF.STA,7.0.0,"Monetary and Financial Statistics (MFS), Other Financial Corporations"
MFS_OFC_2026_APR_VINTAGE,IMF.STA,1.0.0,"Monetary and Financial Statistics (MFS), Other Financial Corporations 2026 April"
MFS_OFC_2026_FEB_VINTAGE,IMF.STA,1.0.0,"Monetary and Financial Statistics (MFS), Other Financial Corporations 2026 February"
MFS_OFC_2026_JAN_VINTAGE,IMF.STA,1.0.0,"Monetary and Financial Statistics (MFS), Other Financial Corporations 2026 January"
MFS_OFC_2026_MAY_VINTAGE,IMF.STA,1.0.0,"Monetary and Financial Statistics (MFS), Other Financial Corporations 2026 May"
NA_MAIN,IMF.STA,1.0.0,National Accounts Main Aggregates (SDMX)
NDGAIN,IMF.STA,1.0.1,IMF-Adapted ND-GAIN Index (NDGAIN)
NSDP,IMF.STA,7.0.0,National Summary Data Page (NSDP)
PI,IMF.STA,2.0.0,Production Indexes (PI)
PIP,IMF.STA,5.0.0,Portfolio Investment Positions by Counterpart Economy (formerly CPIS)
PI_2026_APR_VINTAGE,IMF.STA,1.0.0,Production Indexes (PI) 2026 April
PI_2026_FEB_VINTAGE,IMF.STA,1.0.0,Production Indexes (PI) 2026 February
PI_2026_JAN_VINTAGE,IMF.STA,1.0.0,Production Indexes (PI) 2026 January
PI_2026_MAY_VINTAGE,IMF.STA,1.0.0,Production Indexes (PI) 2026 May
PI_WCA,IMF.STA,1.0.0,"Production Indexes, World and Country Group Aggregates"
PI_WCA_2026_APR_VINTAGE,IMF.STA,1.0.0,"Production Indexes, World and Country Group Aggregates 2026 April"
PI_WCA_2026_FEB_VINTAGE,IMF.STA,1.0.0,"Production Indexes, World and Country Group Aggregates 2026 February"
PI_WCA_2026_JAN_VINTAGE,IMF.STA,1.0.0,"Production Indexes, World and Country Group Aggregates 2026 January"
PI_WCA_2026_MAY_VINTAGE,IMF.STA,1.0.0,"Production Indexes, World and Country Group Aggregates 2026 May"
PPI,IMF.STA,3.0.0,Producer Price Index (PPI)
PPI_2026_APR_VINTAGE,IMF.STA,1.0.0,Producer Price Index (PPI) 2026 April
PPI_2026_FEB_VINTAGE,IMF.STA,1.0.0,Producer Price Index (PPI) 2026 February
PPI_2026_JAN_VINTAGE,IMF.STA,1.0.0,Producer Price Index (PPI) 2026 January
PPI_2026_MAY_VINTAGE,IMF.STA,1.0.0,Producer Price Index (PPI) 2026 May
QGDP_WCA,IMF.STA,4.0.0,"Quarterly Gross Domestic Product (GDP), World and Country Aggregates"
QGDP_WCA_2026_APR_VINTAGE,IMF.STA,1.0.0,"Quarterly Gross Domestic Product (GDP), World and Country Aggregates 2026 April"
QGDP_WCA_2026_FEB_VINTAGE,IMF.STA,1.0.0,"Quarterly Gross Domestic Product (GDP), World and Country Aggregates 2026 February "
QGDP_WCA_2026_JAN_VINTAGE,IMF.STA,1.0.0,"Quarterly Gross Domestic Product (GDP), World and Country Aggregates 2026 January"
QGDP_WCA_2026_MAY_VINTAGE,IMF.STA,1.0.0,"Quarterly Gross Domestic Product (GDP), World and Country Aggregates 2026 May "
QGFS,IMF.STA,12.0.0,Quarterly Government Finance Statistics (QGFS)
QGFS_2026_APR_VINTAGE,IMF.STA,1.0.0,Quarterly Government Finance Statistics (QGFS) 2026 April 
QGFS_2026_FEB_VINTAGE,IMF.STA,1.0.0,Quarterly Government Finance Statistics (QGFS) 2026 February
QGFS_2026_JAN_VINTAGE,IMF.STA,1.0.0,Quarterly Government Finance Statistics (QGFS) 2026 January
QGFS_2026_MAY_VINTAGE,IMF.STA,1.0.0,Quarterly Government Finance Statistics (QGFS) 2026 May
QNEA,IMF.STA,7.0.0,"National Economic Accounts (NEA), Quarterly Data"
QNEA_2026_APR_VINTAGE,IMF.STA,1.0.0,"National Economic Accounts (NEA), Quarterly Data 2026 April"
QNEA_2026_FEB_VINTAGE,IMF.STA,1.0.0,"National Economic Accounts (NEA), Quarterly Data 2026 February"
QNEA_2026_JAN_VINTAGE,IMF.STA,1.0.0,"National Economic Accounts (NEA), Quarterly Data 2026 January"
QNEA_2026_MAY_VINTAGE,IMF.STA,1.0.0,"National Economic Accounts (NEA), Quarterly Data 2026 May"
RE,IMF.STA,2.0.1,Renewable Energy
SDG,IMF.STA,2.0.1,IMF Reported SDG Data
SPE,IMF.STA,13.0.0,Special Purpose Entities (SPEs)
SPE_2026_APR_VINTAGE,IMF.STA,1.0.0,Special Purpose Entities (SPEs) 2026 April
SPE_2026_FEB_VINTAGE,IMF.STA,1.0.0,Special Purpose Entities (SPEs) 2026 February
SPE_2026_JAN_VINTAGE,IMF.STA,1.0.0,Special Purpose Entities (SPEs) 2026 January
SPE_2026_MAY_VINTAGE,IMF.STA,1.0.0,Special Purpose Entities (SPEs) 2026 May 
TEG,IMF.STA,3.0.2,Trade in Low Carbon Technology Goods (TEG)
UNFCCC,IMF.STA,3.0.0,Greenhouse Gas Emissions (UNFCCC)
WPCPER,IMF.STA,6.0.0,Crypto-based Parallel Exchange Rates (Working Paper dataset WP-CPER)
WPFXI,IMF.STA,1.0.2,Working Paper Foreign Exchange Intervention (WPFXI) A Dataset of Public Data and Proxies
RSUI,IMF.WHD,1.0.0,Reported Social Unrest Index (RSUI)
WHDREO,IMF.WHD,5.0.0,Western Hemisphere Regional Economic Outlook (WHDREO)
WHDREO_2025_OCT_VINTAGE,IMF.WHD,1.0.0,Western Hemisphere Regional Economic Outlook (WHDREO) 2025 October
ISORA_2016_DATA_PUB,ISORA,2.0.0,ISORA 2016 Data
ISORA_2018_DATA_PUB,ISORA,2.0.0,ISORA 2018 Data
ISORA_LATEST_DATA_PUB,ISORA,5.0.0,ISORA Latest Data
